{
  "project_info": {
    "project_number": "760174586097",
    "project_id": "foodorderingapp-d7fc2",
    "storage_bucket": "foodorderingapp-d7fc2.appspot.com"
  },
  "client": [
    {
      "client_info": {
        "mobilesdk_app_id": "1:760174586097:android:0c8fdcf93db48fba3b6150",
        "android_client_info": {
          "package_name": "com.example.foodorderingapp"
        }
      },
      "oauth_client": [
        {
          "client_id": "760174586097-0enusguu3sd2ict15qlj8annvf1q8mbe.apps.googleusercontent.com",
          "client_type": 3
        }
      ],
      "api_key": [
        {
          "current_key": "AIzaSyCa-hrLP6OU6kTOSqxgwZO5fatzj5ZQFNg"
        }
      ],
      "services": {
        "appinvite_service": {
          "other_platform_oauth_client": [
            {
              "client_id": "760174586097-0enusguu3sd2ict15qlj8annvf1q8mbe.apps.googleusercontent.com",
              "client_type": 3
            }
          ]
        }
      }
    }
  ],
  "configuration_version": "1"
}